ID,age, workclass,education_cat,marital_status, occupation, relationship, race,gender,capital_gain,capital_loss,hour_per_week,native_country,class
2905,31,4,10,0,2,2,0,0,0,1672,50,0, <=50K
6846,58,4,11,3,5,3,0,1,0,0,40,0, <=50K
23873,57,7,10,0,5,2,3,0,0,0,35,0, >50K
27746,36,2,9,0,9,2,0,0,0,0,35,0, <=50K
25673,42,4,9,6,6,5,0,0,0,0,40,17, <=50K
10811,21,4,12,2,8,3,0,1,0,0,25,0, <=50K
2675,23,4,4,2,2,3,0,0,0,0,25,20, <=50K
9296,36,4,13,2,4,3,0,0,0,0,70,0, <=50K
7733,43,4,15,6,0,3,0,0,0,0,50,29, >50K
12547,39,4,13,0,4,2,0,0,0,0,45,0, >50K
12148,17,4,6,2,2,1,0,0,0,0,40,0, <=50K
7088,45,4,14,1,4,3,0,1,0,0,40,0, >50K
24586,29,7,6,2,2,1,3,1,0,0,40,0, <=50K
26750,64,4,14,2,5,4,0,1,0,0,8,0, <=50K
19499,58,6,6,0,1,2,0,0,0,0,40,0, <=50K
21191,42,5,14,2,5,3,0,1,0,0,40,0, >50K
27441,51,4,9,0,7,2,3,0,0,0,40,0, >50K
14765,40,5,11,1,4,5,0,1,0,0,40,0, <=50K
23331,21,?,10,2,?,4,0,0,0,0,10,0, <=50K
9478,19,?,10,2,?,1,0,1,0,0,40,0, <=50K
5851,18,4,6,2,2,1,0,0,0,0,11,0, <=50K
23493,37,4,13,2,9,3,0,0,0,0,30,0, <=50K
29451,43,5,11,0,4,2,0,0,0,0,40,0, <=50K
14517,19,4,9,0,1,2,0,0,0,0,40,0, <=50K
27289,24,4,13,2,3,1,3,0,0,0,40,0, <=50K
22898,24,4,9,2,4,3,0,0,0,0,50,0, <=50K
30930,23,4,11,0,7,1,0,1,0,0,30,0, <=50K
20927,22,4,9,2,3,3,0,0,0,0,40,0, <=50K
2426,34,4,9,0,7,2,0,0,0,0,44,0, >50K
8247,30,6,9,2,8,3,3,1,0,0,50,0, <=50K
31691,40,5,11,0,12,2,0,0,0,0,40,0, >50K
7063,31,6,13,2,4,1,0,1,0,0,40,12, <=50K
31186,45,4,16,0,5,2,1,0,0,0,45,11, >50K
16341,40,4,10,0,5,0,0,1,0,0,40,0, <=50K
21171,26,4,9,2,6,1,3,0,0,0,28,0, <=50K
30838,40,4,14,2,5,3,0,0,0,0,35,0, <=50K
32158,45,2,10,0,4,2,0,0,0,0,80,0, <=50K
29860,52,5,14,0,5,2,0,0,0,0,40,0, <=50K
30499,20,4,10,2,2,1,0,0,0,0,33,36, <=50K
17197,57,4,13,0,3,2,0,0,0,0,55,0, >50K
10328,48,2,15,1,5,5,0,0,14084,0,63,0, >50K
13794,20,4,10,2,2,1,0,1,0,0,40,0, <=50K
1388,40,2,10,1,4,4,0,0,0,1564,70,13, >50K
4195,18,4,8,2,1,1,0,0,0,0,10,0, <=50K
2489,52,2,4,0,1,2,2,0,0,0,40,0, <=50K
2541,63,4,11,3,8,5,0,1,0,0,8,0, <=50K
18947,29,4,11,2,4,3,0,0,0,0,40,0, <=50K
17704,23,4,13,2,5,3,0,0,0,0,15,0, <=50K
15809,34,4,9,1,8,1,0,0,0,0,40,0, <=50K
30175,28,4,13,2,5,3,0,0,0,0,60,0, >50K
28338,44,2,10,0,1,2,0,0,0,1887,55,0, >50K
25963,19,4,9,2,8,1,0,0,0,0,40,0, <=50K
10465,31,4,5,1,8,3,0,1,0,0,40,0, <=50K
13841,34,4,12,0,3,2,3,0,0,1902,50,0, >50K
12079,25,4,9,2,1,1,3,0,0,0,40,0, <=50K
29070,58,2,10,1,5,3,0,1,0,0,40,0, <=50K
30262,20,4,10,2,0,1,0,0,0,0,15,0, <=50K
20066,33,4,9,0,1,2,0,0,0,0,40,0, <=50K
4476,53,7,14,0,5,2,0,0,0,0,36,0, >50K
8260,23,4,9,2,1,3,0,0,0,0,40,0, <=50K
9701,44,4,11,0,6,2,3,0,0,0,40,0, <=50K
13291,61,?,13,0,?,2,0,0,0,0,10,0, <=50K
8980,34,2,15,2,5,3,0,1,0,0,60,0, >50K
20349,23,4,13,2,8,3,0,1,0,0,40,0, <=50K
738,43,7,13,0,5,2,0,0,0,0,50,0, <=50K
10680,18,?,7,2,?,5,3,1,0,0,50,0, <=50K
20035,47,2,13,2,9,3,0,0,0,0,65,0, <=50K
13636,38,4,13,2,5,1,0,0,0,0,40,0, <=50K
18454,51,6,13,0,4,2,0,0,0,1902,40,0, <=50K
17269,36,4,8,0,1,2,4,0,0,0,40,0, <=50K
31361,41,?,10,3,?,5,3,1,0,0,20,0, <=50K
27538,46,3,13,0,3,2,0,0,0,0,55,0, <=50K
8266,24,4,13,2,8,1,0,1,0,0,40,0, <=50K
2457,60,2,9,0,3,2,0,0,0,0,40,0, <=50K
14444,34,7,10,0,12,2,0,0,0,0,40,0, <=50K
51,25,4,10,0,4,0,4,1,0,0,40,0, <=50K
10913,33,4,9,0,7,2,0,0,0,0,40,0, >50K
12158,33,4,13,0,5,0,0,1,0,0,40,0, >50K
15757,27,4,9,2,10,3,3,0,2174,0,40,0, <=50K
19587,28,4,9,2,10,1,0,0,0,0,40,0, <=50K
15884,21,4,9,2,2,1,0,0,0,0,40,0, <=50K
17845,46,4,10,2,7,3,0,1,0,0,45,0, <=50K
21205,33,4,10,0,1,2,0,0,0,0,40,0, <=50K
30528,40,4,13,0,0,2,0,0,0,0,40,0, <=50K
13047,25,4,10,0,3,2,0,0,0,0,50,0, <=50K
26684,49,4,14,0,3,2,0,0,0,0,40,0, >50K
17332,39,4,13,0,5,2,0,0,0,0,40,0, >50K
14324,24,4,11,2,1,1,0,0,0,0,20,0, <=50K
31860,24,4,9,2,3,5,0,0,0,0,45,0, <=50K
27160,50,3,14,0,5,2,0,0,7298,0,50,0, >50K
17808,21,5,10,2,5,3,0,0,0,0,20,0, <=50K
25937,46,4,9,2,6,1,0,0,3674,0,30,0, <=50K
17772,54,4,9,0,3,2,0,0,0,1848,40,0, >50K
32244,33,4,9,2,7,3,0,0,0,0,65,0, <=50K
25308,51,4,6,6,8,5,3,1,0,0,40,0, <=50K
25704,19,?,10,2,?,1,0,1,0,0,20,0, <=50K
3885,51,5,14,0,5,2,0,0,0,0,60,0, >50K
12665,28,3,9,2,4,1,0,0,0,0,40,0, <=50K
21388,66,2,13,0,3,2,0,0,0,0,50,0, <=50K
22945,38,4,11,0,6,2,0,0,0,0,50,0, <=50K
8215,66,4,9,0,6,2,0,0,0,0,10,0, <=50K
4333,36,4,16,0,5,2,0,0,0,0,50,1, <=50K
12954,26,4,14,2,5,3,0,1,0,0,40,0, <=50K
9183,46,4,10,0,3,2,0,0,0,0,48,0, >50K
24392,17,4,6,2,2,1,0,1,0,0,25,0, <=50K
26160,61,4,13,0,5,2,0,0,0,0,40,0, <=50K
26460,34,7,14,0,4,2,0,0,0,0,38,0, <=50K
22736,43,5,14,0,4,0,2,1,0,0,50,0, >50K
23758,27,4,10,2,1,3,0,0,0,0,45,0, <=50K
10442,23,4,8,2,2,5,3,0,0,0,38,0, <=50K
24919,31,6,9,2,7,5,0,1,0,0,40,0, <=50K
8953,37,4,9,0,10,2,0,0,0,0,40,0, >50K
11028,61,?,15,0,?,2,0,0,0,0,40,0, >50K
22209,35,2,9,0,1,0,3,1,0,0,40,0, >50K
30504,43,4,10,2,6,3,0,0,0,0,40,0, <=50K
30556,30,2,9,0,9,2,0,0,0,0,85,0, <=50K
22913,23,5,10,2,12,1,0,0,0,0,40,0, >50K
27270,26,2,9,2,9,1,0,0,0,0,60,0, <=50K
23302,45,4,13,1,3,3,0,0,0,0,60,0, >50K
24480,35,4,10,6,1,3,0,0,0,0,40,0, <=50K
392,27,4,13,2,1,3,0,0,0,0,50,0, <=50K
1705,22,?,10,1,?,3,0,1,0,0,35,0, <=50K
5284,40,4,14,1,5,3,0,0,0,0,43,0, <=50K
22396,26,5,13,2,5,1,3,1,0,0,35,0, <=50K
13655,49,5,14,0,5,2,0,0,0,0,40,0, >50K
25846,29,7,10,0,12,2,0,0,0,0,40,0, <=50K
26436,38,4,10,1,4,5,0,1,0,0,40,0, <=50K
16569,25,4,9,6,1,3,0,0,0,0,40,0, <=50K
15670,31,4,13,0,4,2,3,0,0,1887,40,0, >50K
2487,75,?,5,0,?,2,3,0,1409,0,5,0, <=50K
30810,46,4,10,1,8,3,0,1,0,0,40,0, <=50K
10924,30,4,9,2,6,1,0,0,0,0,40,0, <=50K
30508,25,5,9,2,6,4,3,0,0,0,40,0, <=50K
23236,19,4,10,2,3,1,0,1,0,0,15,0, <=50K
2461,38,4,11,0,1,2,0,0,4386,0,40,0, >50K
22437,31,4,13,0,5,2,0,0,0,0,50,0, <=50K
9501,27,?,9,0,?,0,0,1,0,0,40,0, >50K
30738,31,2,5,0,1,2,0,0,0,0,40,0, <=50K
7137,25,?,12,0,?,2,0,0,0,0,13,0, <=50K
31153,57,4,12,1,7,3,0,0,0,0,75,0, <=50K
14035,36,4,9,0,3,2,0,0,0,0,50,0, <=50K
7627,50,4,4,0,1,2,0,0,0,0,40,0, <=50K
15700,56,4,9,1,1,3,0,0,0,0,42,0, <=50K
14006,76,?,9,3,?,3,0,1,0,0,25,0, <=50K
1374,46,3,13,0,3,2,0,0,0,0,52,0, <=50K
18731,65,?,9,3,?,5,0,1,2329,0,75,0, <=50K
30002,27,4,9,2,8,1,3,0,0,0,40,0, <=50K
32111,33,4,9,1,1,3,0,0,0,0,60,0, <=50K
15964,38,4,4,0,9,2,0,0,0,0,40,0, <=50K
28687,49,?,9,0,?,2,0,0,0,0,40,0, <=50K
19660,30,4,9,0,3,2,0,0,0,0,42,0, <=50K
30344,41,4,10,0,4,1,0,0,0,0,40,0, >50K
14761,36,4,13,0,5,2,0,0,0,0,40,0, >50K
4172,50,5,9,1,2,5,0,1,0,0,49,24, <=50K
6357,49,2,13,2,3,3,0,0,0,0,45,0, <=50K
31958,26,4,9,0,2,0,0,1,0,0,30,0, <=50K
4874,35,4,13,0,3,2,0,0,0,0,45,0, >50K
22390,51,2,9,0,9,2,0,0,3103,0,60,0, >50K
19054,27,4,9,2,10,3,0,0,0,0,99,0, <=50K
18920,46,7,10,1,8,5,0,1,0,0,48,0, <=50K
4533,25,4,9,1,6,1,1,1,0,0,40,15, <=50K
21508,23,4,10,2,7,1,3,0,0,0,40,0, <=50K
10679,42,2,9,0,9,2,0,0,0,0,15,0, <=50K
17552,39,4,13,0,4,2,0,0,0,0,45,0, >50K
32531,35,?,13,0,?,0,0,1,0,0,55,0, >50K
2610,45,7,10,0,4,2,0,0,0,0,40,0, <=50K
17148,44,4,13,0,5,0,0,1,0,0,20,0, <=50K
12888,50,2,9,0,9,2,0,0,0,0,30,0, <=50K
24649,31,4,10,1,8,3,0,1,0,0,50,0, <=50K
31810,54,6,9,0,4,2,0,0,5178,0,40,0, >50K
25997,64,4,9,0,1,2,0,0,0,0,40,0, <=50K
18396,47,5,13,1,5,3,3,1,0,0,40,0, <=50K
2213,42,4,9,0,6,2,0,0,0,0,40,0, <=50K
6075,55,4,7,3,8,5,0,1,0,0,40,0, <=50K
26606,62,4,9,0,7,2,0,0,0,0,48,0, <=50K
16074,34,2,7,0,10,2,0,0,0,0,60,0, <=50K
18109,37,4,13,0,4,2,0,0,0,0,40,0, >50K
23825,35,4,10,0,1,2,0,0,0,0,40,0, <=50K
13171,54,2,14,1,5,3,0,0,0,0,50,0, >50K
30059,51,6,9,0,4,2,0,0,0,0,57,0, >50K
10299,51,5,9,0,1,2,0,0,0,0,40,0, <=50K
27879,38,6,10,0,8,2,0,0,0,0,45,0, >50K
8150,22,4,6,2,10,3,2,0,0,0,84,0, <=50K
3303,61,4,9,0,8,2,0,0,0,0,3,0, <=50K
29553,34,4,10,0,1,2,1,0,0,0,40,15, <=50K
25765,52,4,10,0,4,2,0,0,0,0,45,0, >50K
29820,52,?,9,0,?,2,0,0,0,0,35,0, <=50K
21833,36,4,13,2,5,3,0,0,0,0,40,0, <=50K
7503,40,4,10,6,2,3,0,1,0,0,40,0, <=50K
5725,21,4,10,2,6,1,0,0,0,0,12,0, <=50K
15161,53,4,13,0,5,2,0,0,0,0,55,0, >50K
9663,32,4,10,2,3,1,0,0,0,0,35,0, <=50K
25610,21,4,10,2,8,1,0,1,0,0,40,0, <=50K
12985,60,2,9,1,1,5,0,1,0,0,40,0, <=50K
22414,55,4,9,0,0,2,0,0,0,0,20,0, <=50K
1972,31,?,7,6,?,3,3,0,0,0,40,0, <=50K
28141,36,4,9,1,1,3,0,0,0,0,55,0, <=50K
28227,72,2,9,0,9,2,0,0,0,0,40,0, <=50K
13993,31,4,10,0,0,2,0,0,0,0,40,0, <=50K
18401,27,3,9,2,3,3,0,0,0,0,50,0, <=50K
17713,39,4,9,0,6,2,0,0,0,0,40,0, <=50K
22016,33,4,10,2,3,3,0,0,0,0,50,0, <=50K
26146,25,?,12,2,?,1,0,1,0,0,80,0, <=50K
2084,42,4,9,1,7,3,0,0,0,0,45,0, <=50K
15006,30,4,13,2,4,1,1,1,0,0,52,27, <=50K
5813,44,4,9,1,10,3,3,0,0,0,20,28, <=50K
17076,51,2,6,3,10,4,0,1,0,0,40,0, <=50K
19430,38,5,10,0,1,2,0,0,0,0,45,0, <=50K
1487,30,4,9,2,8,5,0,0,0,2001,42,0, <=50K
8370,26,4,9,0,3,2,0,0,0,0,40,0, <=50K
28080,39,7,9,2,2,5,3,1,0,0,40,0, <=50K
5012,38,2,3,2,10,3,0,0,0,0,40,0, <=50K
2846,50,4,10,0,3,2,0,0,0,0,45,0, >50K
25051,21,4,9,2,3,1,0,0,0,0,30,0, <=50K
9562,56,4,13,2,4,3,0,1,0,0,45,0, >50K
7226,23,4,9,2,3,3,0,0,0,0,40,0, <=50K
11510,74,4,6,3,2,3,3,1,0,0,6,0, <=50K
3316,68,4,8,3,3,3,0,1,0,0,30,0, <=50K
20647,19,?,10,2,?,1,0,0,0,0,22,0, <=50K
1846,45,6,9,2,10,3,3,0,3325,0,40,0, <=50K
6752,54,2,15,0,5,2,1,0,99999,0,50,15, >50K
21200,35,4,13,0,5,2,0,0,0,0,50,0, <=50K
13877,31,4,9,0,7,2,0,0,0,0,40,0, <=50K
10363,45,4,9,0,3,2,0,0,0,0,60,0, >50K
4051,44,4,13,0,3,2,0,0,0,0,60,0, <=50K
5868,25,4,13,0,1,2,0,0,0,0,60,0, >50K
17419,35,4,13,0,3,2,0,0,0,0,40,0, <=50K
3773,52,4,11,0,10,2,0,0,0,0,56,0, <=50K
25622,25,4,13,0,5,2,0,0,0,0,40,0, <=50K
8317,64,5,9,0,6,2,0,0,3471,0,40,0, <=50K
27070,27,7,13,2,5,3,0,0,0,0,50,0, <=50K
6038,26,2,4,0,10,2,0,0,0,0,75,0, <=50K
25949,31,4,10,0,8,0,0,1,0,0,40,0, >50K
31961,36,3,12,0,5,2,0,0,0,0,70,0, <=50K
28650,54,4,9,0,1,2,0,0,0,0,40,9, <=50K
29643,45,3,13,1,4,5,0,0,0,0,50,0, >50K
2442,61,4,5,0,7,2,3,0,0,0,20,37, <=50K
27725,57,4,9,0,10,2,0,0,0,0,40,0, >50K
4368,33,4,9,0,7,2,1,0,0,0,40,10, <=50K
16366,61,4,8,0,2,0,0,1,0,0,40,0, <=50K
12641,36,4,11,0,6,2,0,0,0,0,38,0, <=50K
11212,60,2,9,1,1,3,0,0,0,0,50,0, >50K
8422,47,2,10,1,4,3,0,1,0,0,65,0, <=50K
20606,34,4,4,0,10,2,0,0,0,0,40,0, <=50K
25994,66,4,12,1,8,5,0,1,0,0,40,0, <=50K
31907,48,4,12,0,5,0,0,1,0,0,30,0, >50K
20144,23,4,11,2,4,1,0,0,0,0,40,0, <=50K
26840,41,4,10,0,7,2,0,0,0,0,40,0, <=50K
28729,36,4,10,0,3,2,3,0,7688,0,50,0, >50K
10813,37,4,9,1,2,3,0,0,0,0,40,0, <=50K
4192,26,4,10,2,7,3,3,1,0,0,38,0, <=50K
12611,42,4,14,1,8,3,0,1,0,0,25,0, <=50K
19177,40,4,10,2,8,3,0,1,0,0,40,0, <=50K
19630,20,4,9,2,6,3,0,0,0,0,40,0, <=50K
3274,33,4,9,0,1,2,0,0,0,0,50,0, >50K
12430,49,4,15,0,5,2,0,0,0,0,60,0, >50K
20159,42,4,4,0,1,2,0,0,0,0,40,0, <=50K
1114,69,4,9,0,3,0,0,1,0,0,40,0, <=50K
20641,35,2,10,0,2,2,0,0,0,0,40,0, <=50K
7685,32,4,10,0,4,2,0,0,3464,0,40,0, <=50K
16217,20,4,9,2,2,4,4,0,0,0,40,20, <=50K
21286,50,4,5,0,7,2,0,0,0,0,40,0, <=50K
28251,51,4,9,0,8,2,0,0,0,0,40,0, <=50K
132,24,4,9,2,2,3,0,1,0,1762,40,0, <=50K
10004,49,3,14,6,4,3,0,0,0,0,70,0, >50K
27817,33,2,9,0,1,2,0,0,0,0,40,0, >50K
7347,43,4,9,0,1,2,0,0,0,0,40,0, <=50K
31216,49,4,10,6,4,5,3,1,0,0,60,0, <=50K
3213,49,4,13,0,3,2,0,0,0,2415,55,0, >50K
158,71,2,10,6,3,5,3,0,0,1816,2,0, <=50K
4872,25,4,9,2,8,1,0,1,0,0,40,0, <=50K
19983,30,5,9,0,1,2,0,0,0,0,40,0, <=50K
615,27,4,13,2,2,1,0,1,0,0,20,0, <=50K
258,32,4,9,6,2,3,0,1,0,0,30,0, <=50K
10819,32,4,9,0,8,2,0,0,0,0,40,0, <=50K
4022,19,?,10,2,?,1,0,1,0,0,45,0, <=50K
7051,31,4,6,2,8,5,3,1,0,0,40,0, <=50K
8436,19,4,10,2,8,1,0,0,0,0,40,0, <=50K
13826,54,2,6,0,1,2,0,0,0,0,36,0, <=50K
22277,39,4,10,1,4,3,0,0,0,0,50,0, >50K
6267,31,4,9,0,1,2,0,0,0,0,40,0, <=50K
18419,35,4,9,0,8,0,0,1,0,1887,42,0, >50K
13815,23,4,10,0,3,0,0,1,0,0,40,0, <=50K
17358,38,4,9,0,1,2,0,0,0,0,50,0, <=50K
29523,39,4,10,0,1,2,0,0,0,0,45,0, >50K
9145,25,4,13,0,5,2,0,0,0,0,40,0, <=50K
29378,42,4,9,4,6,4,1,0,0,0,40,?, <=50K
6941,21,4,9,2,8,3,0,0,0,0,40,0, <=50K
